open_time,open,high,low,close,close_time
1678924800000,24464.92282205,25210.56274904,24267.16670688,25050.72223913,1679011199999
1679011200000,25049.58110484,27764.91958237,24944.74472913,27428.67897573,1679097599999
1679097600000,27429.99546327,27736.47730622,26661.86246796,26958.62717539,1679183999999
1679184000000,26958.31096013,28425.55439799,26880.52941401,28016.31802002,1679270399999
1679270400000,28021.59194361,28518.31888938,27204.55257303,27782.46499121,1679356799999
1679356800000,27781.86057275,28470.8216666,27382.15406414,28164.14823815,1679443199999
1679443200000,28165.29291648,28872.89077741,26674.91686918,27299.08032872,1679529599999
1679529600000,27299.0873066,28780.01514658,27165.60234051,28333.05856751,1679615999999
1679616000000,28332.90996292,28407.56664745,27044.25638252,27480.33945896,1679702399999
1679702400000,27480.52731739,27810.09966288,27184.14458222,27487.52600175,1679788799999
1679788800000,27487.44786281,28200.88088867,27443.31455919,27990.06467527,1679875199999
1679875200000,27990.09083848,28039.09650509,26545.14786163,27136.82235554,1679961599999
1679961600000,27137.7164758,27486.94599427,26656.33496839,27271.03035687,1680047999999
1680048000000,27270.90285687,28641.84347475,27254.92768239,28351.57376889,1680134399999
1680134400000,28351.74849087,29172.21734754,27713.13352733,28032.5490253,1680220799999
1680220800000,28032.31327997,28650.98828833,27532.49542194,28470.33755642,1680307199999
1680307200000,28470.07037305,28810.18309775,28249.43554406,28461.73562391,1680393599999
1680393600000,28461.82848393,28532.33190529,27878.95111874,28178.83688322,1680479999999
1680480000000,28179.32673731,28497.0197227,27248.57078747,27807.40290089,1680566399999
1680566400000,27806.49430372,28437.96221904,27674.14043058,28171.77537368,1680652799999
1680652800000,28171.36751698,28768.73420853,27834.47524322,28172.35826086,1680739199999
1680739200000,28171.43325631,28185.85372736,27728.14094012,28039.37727526,1680825599999
1680825600000,28039.64180484,28104.9970133,27784.07848832,27920.20066191,1680911999999
1680912000000,27920.20611804,28156.29026712,27871.21809041,27940.86216389,1680998399999
1680998400000,27940.93139445,28536.58315479,27808.47798789,28332.99850341,1681084799999
1681084800000,28332.9708111,29766.43179067,28175.82350238,29642.93904227,1681171199999
1681171200000,29642.93904227,30543.95366231,29599.10988275,30216.96965764,1681257599999
1681257600000,30217.00651175,30483.69862091,29688.28674225,29900.44816326,1681343999999
1681344000000,29900.44816326,30598.71062912,29875.74105396,30400.9102923,1681430399999
1681430400000,30399.47182966,31008.6492827,30008.56261207,30483.86356835,1681516799999
1681516800000,30483.86213884,30605.72345047,30225.38650833,30310.11036456,1681603199999
1681603200000,30310.10893599,30557.30949266,30143.06644192,30316.64208145,1681689599999
1681689600000,30315.83033784,30323.59917956,29264.60736814,29443.71291363,1681775999999
1681776000000,29443.64829824,30485.95975836,29132.74891467,30393.9481059,1681862399999
1681862400000,30393.95656778,30420.34442989,28633.06190895,28829.29167418,1681948799999
1681948800000,28822.34645189,29092.26884556,28017.98801692,28249.2406901,1682035199999
1682035200000,28250.32617713,28373.72751211,27171.6965139,27269.75434628,1682121599999
1682121600000,27269.75434628,27885.50462027,27156.42558367,27819.55059868,1682207999999
1682208000000,27821.25549574,27822.38659038,27364.76769754,27599.74017978,1682294399999
1682294400000,27599.77875121,27992.33485694,27001.92828229,27521.18333367,1682380799999
1682380800000,27521.1626191,28395.16094086,27204.86964667,28311.54475237,1682467199999
1682467200000,28311.56047333,30018.65119141,27286.75768239,28430.10965854,1682553599999
1682553600000,28430.1110878,29894.77151051,28395.25610141,29483.98710233,1682639999999
1682640000000,29483.55853133,29599.33286186,28919.26418091,29337.66693918,1682726399999
1682726400000,29337.41479632,29461.62314044,29073.36348454,29251.54214714,1682812799999
1682812800000,29251.46769122,29965.50390678,29114.08882876,29244.36847662,1682899199999
1682899200000,29247.90156887,29350.25374106,27681.36005145,28090.33877723,1682985599999
1682985600000,28089.89734866,28895.88016933,27907.13154728,28695.73379381,1683071999999
1683072000000,28695.46784796,29276.86593001,28157.01407458,29040.99962872,1683158399999
1683158400000,29043.09694397,29375.85018582,28700.86847175,28864.05367825,1683244799999
1683244800000,28863.7508223,29705.58034609,28849.77613568,29573.62433019,1683331199999
1683331200000,29573.59537774,29879.92519563,28449.27689978,28944.12799462,1683417599999
1683417600000,28943.69299235,29212.60577338,28530.63133707,28559.51536275,1683503999999
1683504000000,28559.35834084,28775.77426488,27294.85808048,27693.04459502,1683590399999
1683590400000,27693.26921169,27834.2040565,27375.38108237,27650.4742771,1683676799999
1683676800000,27650.78271726,28331.15977363,26854.80132536,27619.54687313,1683763199999
1683763200000,27619.93456658,27639.73411443,26745.21952632,26990.61049555,1683849599999
1683849600000,26990.23490166,27092.96335057,25845.57827536,26812.26340703,1683935999999
1683936000000,26811.88186857,27043.7886113,26710.2373595,26788.62873639,1684022399999
1684022400000,26788.45027486,27203.09706372,26619.47793158,26932.08272098,1684108799999
1684108800000,26931.80887482,27673.70255487,26753.74247822,27172.99991388,1684195199999
1684195200000,27173.30295055,27303.01698936,26874.36496639,27041.70232319,1684281599999
1684281600000,27041.70232277,27500.57953349,26570.22673364,27407.79397707,1684367999999
1684368000000,27407.99398507,27485.22695934,26402.83211728,26831.52204633,1684454399999
1684454400000,26831.30814939,27177.65903703,26662.1520757,26895.63245758,1684540799999
1684540800000,26895.63245758,27159.00137672,26846.20014185,27117.04408047,1684627199999
1684627200000,27116.98408121,27280.91994432,26689.62092025,26755.42419775,1684713599999
1684713600000,26755.46573621,27098.18681196,26548.97269814,26859.2258763,1684799999999
1684800000000,26859.1858769,27481.08009749,26813.78005331,27228.82534467,1684886399999
1684886400000,27228.82367768,27228.83763573,26090.44403428,26330.9171451,1684972799999
1684972800000,26330.86636907,26604.66338798,25882.23305324,26484.1471002,1685059199999
1685059200000,26484.13171507,26944.50901119,26342.27570605,26724.93198158,1685145599999
1685145600000,26724.87263123,26899.48634506,26594.51880437,26873.06661704,1685231999999
1685232000000,26874.1709367,28241.24891933,26793.69233022,28080.96192938,1685318399999
1685318400000,28081.73026271,28451.08655139,27547.80164861,27752.6381239,1685404799999
1685404800000,27752.64812832,28054.7007901,27581.40332622,27709.17139544,1685491199999
1685491200000,27709.16062694,27843.25744275,26859.88772137,27220.01323742,1685577599999
1685577600000,27220.01157022,27342.88522388,26645.14349503,26826.32526893,1685663999999
1685664000000,26826.77081477,27302.67864904,26517.43509659,27251.93665615,1685750399999
1685750400000,27251.9381951,27330.3785849,26945.50917268,27080.2792144,1685836799999
1685836800000,27080.27767529,27454.57579697,26964.05800553,27126.76830756,1685923199999
1685923200000,27126.05427813,27132.76301514,25421.16176936,25743.54189471,1686009599999
1686009600000,25743.75576254,27346.55098819,25382.19123927,27236.68465786,1686095999999
1686096000000,27236.7006747,27372.45337219,26138.61871603,26350.70848025,1686182399999
1686182400000,26350.71181403,26812.83778309,26230.3988767,26511.70339653,1686268799999
1686268800000,26511.67298475,26780.28265918,26297.67485474,26485.57044369,1686355199999
1686355200000,26485.57204395,26532.81326717,25431.99309278,25856.65566421,1686441599999
1686441600000,25856.89218692,26211.17938886,25656.82619424,25939.46498104,1686527999999
1686528000000,25939.88585137,26102.31696687,25644.30439849,25909.19116351,1686614399999
1686614400000,25909.19116351,26419.35600134,25723.0304781,25934.29946293,1686700799999
1686700800000,25934.32826293,26069.81814117,24837.31835432,25130.48051423,1686787199999
1686787200000,25130.23731502,25743.86036811,24785.82074115,25575.43485711,1686873599999
1686873600000,25575.37085556,26480.91695775,25198.61566824,26330.24642331,1686959999999
1686960000000,26330.24642331,26789.5676986,26175.91101164,26508.35912957,1687046399999
1687046400000,26508.3607289,26687.88536279,26272.56830372,26342.72726519,1687132799999
1687132800000,26342.72726519,27033.17429183,26268.90968169,26844.10591002,1687219199999
1687219200000,26843.81311002,28405.57561012,26654.38504451,28315.58485543,1687305599999
1687305600000,28315.40240267,30775.79523083,28274.3515375,29999.69822682,1687391999999
1687392000000,30000.73147865,30503.75836829,29574.96676984,29896.36191545,1687478399999
1687478400000,29895.61227106,31410.8344915,29826.79791454,30710.43703893,1687564799999
1687564800000,30710.01243136,30812.43486667,30279.98871731,30546.1384487,1687651199999
1687651200000,30546.49284828,31053.0344097,30297.40772568,30473.57905119,1687737599999
1687737600000,30473.69873838,30662.66261811,29951.63682419,30275.50231611,1687823999999
1687824000000,30274.71671239,31009.64263257,30234.24146248,30701.62783747,1687910399999
1687910400000,30701.77914182,30716.57849917,29885.05483419,30081.60683315,1687996799999
1687996800000,30080.92523315,30833.60046097,30051.95727026,30451.84444503,1688083199999
1688083200000,30451.84444503,31272.86602056,29551.67706737,30477.48501573,1688169599999
1688169600000,30477.13027828,30659.52243572,30329.03592451,30592.62662477,1688255999999
1688256000000,30592.62749448,30795.89373979,30182.90220128,30623.90751985,1688342399999
1688342400000,30622.6892588,31389.40282726,30581.90255566,31160.8424284,1688428799999
1688428800000,31160.70909418,31334.701859,30641.78006242,30772.77453108,1688515199999
1688515200000,30772.50733108,30881.17993949,30211.58543505,30509.03410174,1688601599999
1688601600000,30508.46723962,31502.88712251,29875.96789779,29906.80623583,1688687999999
1688688000000,29906.92906552,30456.54937269,29739.83034049,30355.09837663,1688774399999
1688774400000,30355.13197663,30391.45182428,30062.28532754,30299.18590928,1688860799999
1688860800000,30299.18750928,30441.41724232,30073.51966288,30169.50224654,1688947199999
1688947200000,30169.37007263,31043.28536416,29971.55197581,30424.3389207,1689033599999
1689033600000,30424.77699821,30809.590128,30324.0927659,30632.22983326,1689119999999
1689120000000,30632.22809356,30971.17286953,30227.84877009,30393.0297839,1689206399999
1689206400000,30392.57500044,31830.37507483,30267.26440979,31474.11010572,1689292799999
1689292800000,31474.12771452,31635.11079413,29932.56072113,30332.72568413,1689379199999
1689379200000,30332.61525755,30410.70567651,30259.73038161,30302.64415855,1689465599999
1689465600000,30302.80735789,30449.66036715,30084.20309262,30249.57859861,1689551999999
1689552000000,30249.67250613,30346.57423202,29681.49485817,30151.51740856,1689638399999
1689638400000,30151.5094052,30251.08807939,29548.43710653,29870.97962361,1689724799999
1689724800000,29870.75642268,30197.2807827,29777.8501522,29919.96917918,1689811199999
1689811200000,29919.96917918,30422.06175823,29590.70850642,29806.55611977,1689897599999
1689897600000,29806.40905124,30060.03415163,29741.28324446,29907.05795651,1689983999999
1689984000000,29907.05795651,30005.10398846,29646.80744595,29800.30426135,1690070399999
1690070400000,29801.10266071,30352.80965555,29740.49887742,30090.47690347,1690156799999
1690156800000,30090.47850376,30103.10352574,28880.3782965,29187.02013726,1690243199999
1690243200000,29187.01853726,29376.37117614,29061.80122586,29236.9058938,1690329599999
1690329600000,29236.61163271,29688.28034619,29110.58344018,29361.47074475,1690415999999
1690416000000,29361.46994448,29568.29256877,29089.45720579,29226.05069155,1690502399999
1690502400000,29226.25108575,29538.30514885,29123.34060717,29321.86657223,1690588799999
1690588800000,29321.72241457,29415.89955518,29269.14936176,29365.56816437,1690675199999
1690675200000,29365.21673046,29454.85385677,29060.42267707,29289.36785054,1690761599999
1690761600000,29443.70575439,29477.17160579,29126.00266963,29240.23269391,1690847999999
1690848000000,29240.24549737,29728.39572033,28583.68335311,29703.65024463,1690934399999
1690934400000,29702.71744463,30033.66768765,28929.83043438,29175.20075316,1691020799999
1691020800000,29175.11325092,29404.49231457,28943.48727837,29174.4784198,1691107199999
1691107200000,29174.4800185,29313.98612853,28798.17286208,29077.17579905,1691193599999
1691193600000,29077.21498046,29111.04912545,28959.11025108,29053.87653542,1691279999999
1691280000000,29053.86054662,29168.34430588,28966.5606507,29054.02255014,1691366399999
1691366400000,29054.0217511,29254.22208736,28687.44157431,29190.60740716,1691452799999
1691452800000,29190.64260716,30211.9957601,29123.45963664,29766.01962672,1691539199999
1691539200000,29766.01962672,30120.59346197,29359.50165756,29570.71431185,1691625599999
1691625600000,29570.71751185,29710.49621458,29326.6842473,29428.04002321,1691711999999
1691712000000,29428.09533568,29537.04812966,29236.11308942,29407.63480315,1691798399999
1691798400000,29407.63640205,29472.84536569,29363.16649874,29421.73997617,1691884799999
1691884800000,29421.74171473,29454.67781664,29263.5990874,29283.43897793,1691971199999
1691971200000,29283.43376054,29668.24026822,29091.15563275,29404.61419757,1692057599999
1692057600000,29404.7477987,29462.85771454,29073.01968466,29177.59407217,1692143999999
1692144000000,29177.69179761,29234.25576343,28700.7691562,28701.7061398,1692230399999
1692230400000,28701.70454166,28757.84738541,25060.00754197,26633.08338616,1692316799999
1692316800000,26631.37843451,26825.31511944,25646.62317992,26053.01899114,1692403199999
1692403200000,26053.01899114,26264.09455105,25801.05928115,26099.91548104,1692489599999
1692489600000,26099.81343984,26293.56397788,25994.42182079,26195.08273687,1692575999999
1692576000000,26195.04753687,26245.69623346,25826.20350264,26128.97681365,1692662399999
1692662400000,26129.00401365,26141.39245114,25396.25238941,26041.49554511,1692748799999
1692748800000,26041.68594511,26806.10729924,25804.59589215,26437.72164282,1692835199999
1692835200000,26437.82425151,26571.72173246,25874.34199676,26173.5197149,1692921599999
1692921600000,26173.5197149,26295.38845149,25788.16513054,26055.5944156,1693007999999
1693008000000,26055.68112413,26109.76071651,25984.54865741,26011.40996547,1693094399999
1693094400000,26011.40996547,26174.02226155,25968.46841165,26092.79745548,1693180799999
1693180800000,26092.77265585,26236.46752357,25867.97110578,26106.40548507,1693267199999
1693267200000,26106.08569734,28131.27704882,25917.85340468,27724.36378398,1693353599999
1693353600000,27723.77591421,27770.55969658,27051.03213067,27308.51853681,1693439999999
1693440000000,27308.39660819,27537.7646499,25689.62009486,25934.35805886,1693526399999
1693526400000,25934.55805934,26141.89226615,25334.47894638,25797.85425724,1693612799999
1693612800000,25797.73773616,25981.37786592,25748.80886238,25868.6606244,1693699199999
1693699200000,25868.76671136,26118.00472548,25808.46400423,25970.45880671,1693785599999
1693785600000,25970.02101835,26091.24259282,25633.36395118,25815.29647255,1693871999999
1693872000000,25815.29647255,25879.28334953,25562.28117779,25781.94134119,1693958399999
1693958400000,25782.11699336,26005.41713157,25393.59973397,25755.3538105,1694044799999
1694044800000,25755.43955234,26424.52896122,25611.91877738,26256.58428214,1694131199999
1694131200000,26257.14908234,26438.81968477,25654.25185317,25908.66377436,1694217599999
1694217600000,25908.66203542,25934.00022715,25801.5754432,25900.85758938,1694303999999
1694304000000,25900.85758953,26016.49755404,25608.53471019,25837.97773864,1694390399999
1694390400000,25837.98573714,25894.76349161,24922.46760489,25162.51730156,1694476799999
1694476800000,25162.66130143,26530.97574278,25130.98610902,25845.35068612,1694563199999
1694563200000,25845.31068612,26408.16715996,25771.74799783,26227.71842638,1694649599999
1694649600000,26227.71682604,26833.14676797,26137.17301736,26534.23647868,1694735999999
1694736000000,26534.09487894,26873.22125609,26231.14897801,26608.96561326,1694822399999
1694822400000,26608.42467911,26777.60826911,26459.29272833,26571.14000679,1694908799999
1694908800000,26571.13960665,26628.85690726,26415.44867191,26537.20804009,1694995199999
1694995200000,26537.21737472,27428.47821149,26406.75328561,26770.19500736,1695081599999
1695081600000,26769.352524,27493.01392255,26680.42442785,27219.083414,1695167999999
1695168000000,27219.22745968,27395.53370241,26819.30084629,27123.67828002,1695254399999
1695254400000,27125.50321763,27163.40418587,26384.86273666,26567.3475007,1695340799999
1695340800000,26567.27470507,26741.98398903,26486.66882334,26581.39334058,1695427199999
1695427200000,26581.51383559,26640.66552496,26522.06306129,26584.9791395,1695513599999
1695513600000,26584.9791395,26741.38931255,26160.69292007,26263.13273629,1695599999999
1695600000000,26261.99300038,26440.38930973,26006.22402673,26304.68927137,1695686399999
1695686400000,26304.60123992,26396.61198197,26095.87858316,26218.24599162,1695772799999
1695772800000,26218.24439162,26835.58423226,26108.02640226,26364.92375859,1695859199999
1695859200000,26364.92375859,27303.14023903,26333.79088371,27024.83103887,1695945599999
1695945600000,27024.83903887,27240.32558842,26705.00595836,26909.0656782,1696031999999
1696032000000,26909.0656782,27097.65919594,26892.17061029,26968.79265383,1696118399999
1696118400000,26968.74619655,28131.24098702,26962.36554564,27997.35264209,1696204799999
1696204800000,27998.07005882,28572.31434571,27317.12853452,27512.46886528,1696291199999
1696291200000,27510.05205358,27676.55714089,27178.40350774,27428.85401522,1696377599999
1696377600000,27428.38094022,27835.67469666,27232.63917078,27790.03118704,1696463999999
1696464000000,27789.2344251,28121.32582614,27365.47812736,27412.33334722,1696550399999
1696550400000,27412.35494732,28238.98039821,27187.81569653,27945.02853448,1696636799999
1696636800000,27944.83875295,28036.40635447,27861.52224493,27971.27238018,1696723199999
1696723200000,27971.27598199,28103.93120572,27709.52676378,27933.23232317,1696809599999
1696809600000,27933.2331932,27997.05928925,27282.44443088,27600.92442107,1696895999999
1696896000000,27601.05216164,27740.11380141,27304.03180933,27396.29100335,1696982399999
1696982400000,27396.2918731,27477.74824011,26540.8671631,26872.63990346,1697068799999
1697068800000,26872.63903606,26942.89261992,26559.62619746,26761.62494855,1697155199999
1697155200000,26761.62494855,27113.90552105,26682.43233833,26864.76255052,1697241599999
1697241600000,26864.76081137,26984.98822499,26802.83787699,26855.3502456,1697327999999
1697328000000,26855.34850645,27296.82692271,26815.96994922,27166.55933266,1697414399999
1697414400000,27166.71937306,30078.22530495,27123.1354028,28518.96646957,1697500799999
1697500800000,28518.59439743,28623.46406421,28096.61501251,28407.87151423,1697587199999
1697587200000,28407.77550843,28975.37387182,28157.94828154,28329.92003288,1697673599999
1697673600000,28329.9224326,28915.13404797,28148.99144378,28733.81556257,1697759999999
1697760000000,28734.45043529,30232.50392784,28598.94636148,29685.04184145,1697846399999
1697846400000,29685.0208414,30367.54305512,29480.6664323,29923.35441963,1697932799999
1697932800000,29923.55730059,30228.5985681,29689.77362636,30006.37444713,1698019199999
1698019200000,30006.36203781,34902.59961024,29900.2051805,33088.34145642,1698105599999
1698105600000,33088.73640866,35223.07884866,32863.92129765,33931.63780394,1698191999999
1698192000000,33931.46819904,35140.46271259,33705.4167872,34505.65604385,1698278399999
1698278400000,34505.66169338,34837.33942877,33752.11844253,34162.26138302,1698364799999
1698364800000,34162.0669374,34249.50046156,33410.77669906,33907.4072009,1698451199999
1698451200000,33907.65335264,34476.94582766,33876.65385524,34091.69092095,1698537599999
1698537600000,34091.68371873,34761.16255532,33944.58805322,34539.7230942,1698623999999
1698624000000,34539.92955139,34861.9530665,34103.83274046,34494.34947662,1698710399999
1698710400000,34494.24764383,34732.51876633,34063.83133699,34656.5505955,1698796799999
1698796800000,34656.15616811,35620.84955809,34117.48886559,35440.57589469,1698883199999
1698883200000,35440.57509426,35951.58097063,34326.52194386,34946.28843157,1698969599999
1698969600000,34947.88945801,34950.79960904,34131.36341143,34736.76759016,1699055999999
1699056000000,34736.76678965,35280.72937984,34611.35569564,35088.18586715,1699142399999
1699142400000,35088.15088349,35396.25428031,34546.04915112,35044.81012155,1699228799999
1699228800000,35044.57920047,35300.00777719,34763.18469999,35055.24786708,1699315199999
1699315200000,35055.25022106,35916.77830672,34555.02800843,35427.57330178,1699401599999
1699401600000,35427.57646195,36099.68416746,35121.40752479,35637.16419754,1699487999999
1699488000000,35635.86408576,37976.54288525,35557.44266662,36701.32131177,1699574399999
1699574400000,36754.38211356,37533.07227645,36345.77646947,37307.82940825,1699660799999
1699660800000,37307.74852603,37408.26959508,36730.54813953,37134.53696274,1699747199999
1699747200000,37134.07310769,37224.46901834,36756.73969471,37065.71836469,1699833599999
1699833600000,37066.3450375,37408.75274089,36367.12970224,36485.71931468,1699919999999
1699920000000,36484.87405011,36758.98498146,34861.48903082,35558.27926985,1700006399999
1700006400000,35557.84534379,37973.59055237,35375.022351,37878.03578194,1700092799999
1700092800000,37878.78138194,37943.51852137,35515.47353956,36166.70269246,1700179199999
1700179200000,36166.57149266,36729.2384603,35874.13731326,36628.4700714,1700265599999
1700265600000,36627.69136523,36850.40339314,36213.34898666,36591.76640691,1700351999999
1700352000000,36591.50216074,37521.65854951,36410.18126224,37382.49564823,1700438399999
1700438400000,37382.87506371,37763.67207551,36795.88666446,37472.06458754,1700524799999
1700524800000,37472.01498754,37664.24600242,35758.42034776,35766.80530713,1700611199999
1700611200000,35763.63517081,37869.59075682,35660.90625369,37415.83420043,1700697599999
1700697600000,37417.02990545,37644.53825429,36897.25465013,37294.26379507,1700783999999
1700784000000,37294.74384667,38413.86165214,37256.42656548,37732.7279035,1700870399999
1700870400000,37733.18740142,37895.43953732,37605.35582406,37789.72008597,1700956799999
1700956800000,37789.72168597,37818.95819101,37158.19881868,37453.89759863,1701043199999
1701043200000,37453.89879894,37568.34823873,36735.3147614,37245.5385867,1701129599999
1701129600000,37245.49819654,38395.262434,36881.34994147,37830.12429437,1701215999999
1701216000000,37829.99803875,38423.40528718,37603.01533393,37859.44125351,1701302399999
1701302400000,37858.9153017,38147.39877783,37508.07555468,37727.68513673,1701388799999
1701388800000,37728.54111084,38980.96612027,37624.91486536,38697.77832495,1701475199999
1701475200000,38697.27665829,39708.7542975,38654.89740643,39463.53890245,1701561599999
1701561600000,39465.66590879,40202.79162913,39289.97986958,39976.97509509,1701647999999
1701648000000,39976.97691356,42400.98900895,39976.80237655,41978.27457786,1701734399999
1701734400000,41978.52327589,44481.0526109,41398.03152878,44088.43950492,1701820799999
1701820800000,44088.33619608,44282.71605113,43422.00356131,43774.9497116,1701907199999
1701907200000,43774.67074791,44057.44944835,42866.02422022,43290.38469956,1701993599999
1701993600000,43286.95003501,44719.75646602,43103.07747492,44183.50520003,1702079999999
1702080000000,44183.90258945,44366.98636103,43620.84685375,43733.43532267,1702166399999
1702166400000,43733.24600563,44049.24976673,43594.09998311,43799.36755269,1702252799999
1702252800000,43799.32321918,43815.70748825,40217.2057239,41247.8663488,1702339199999
1702339200000,41247.78774815,42087.66522853,40658.79725742,41480.35103297,1702425599999
1702425600000,41480.24887196,43453.36886938,40621.82260788,42887.76490458,1702511999999
1702512000000,42887.768953,43405.1461737,41616.34899551,43039.79426099,1702598399999
1702598400000,43038.53055812,43093.9477733,41681.98894996,41945.30970802,1702684799999
1702684800000,41945.05151402,42688.97977224,41646.52349979,42262.12335914,1702771199999
1702771200000,42262.10760179,42387.47794307,41255.08244295,41356.21812213,1702857599999
1702857600000,41356.67545524,42744.08534009,40523.49306226,42656.92974286,1702943999999
1702944000000,42656.56577157,43440.429203,41811.15870314,42276.90106892,1703030399999
1703030400000,42278.05528699,44299.83325075,42211.58750835,43675.73684613,1703116799999
1703116800000,43675.73684613,44250.93611421,43312.73675714,43877.05158398,1703203199999
1703203200000,43877.05241761,44422.45912681,43434.52934188,44013.41619034,1703289599999
1703289600000,44013.72206159,44029.78795524,43335.8612717,43737.1906273,1703375999999
1703376000000,43736.80396064,43967.24922492,42694.11857063,43027.01171679,1703462399999
1703462400000,43026.42110844,43823.41210161,42769.49246404,43595.85532709,1703548799999
1703548800000,43595.85699452,43611.02297317,41658.3206247,42525.83031823,1703635199999
1703635200000,42525.23788197,43695.80168689,42131.89492264,43468.05107826,1703721599999
1703721600000,43468.33929552,43815.34623632,42312.33084233,42591.34024487,1703807999999
1703808000000,42591.44326407,43134.87699147,41363.92825289,42085.42242324,1703894399999
1703894400000,42084.78402729,42608.4858527,41541.75705734,42159.18975205,1703980799999
1703980800000,42159.19808845,42880.63135214,41989.74268438,42286.04691209,1704067199999
1704067200000,42286.77696844,44209.99111799,42201.93945319,44197.16085688,1704153599999
1704153600000,44196.97411668,45911.26593156,44174.74236312,44972.1996496,1704239999999
1704240000000,44974.13704413,45521.11095743,40963.29785758,42864.41989078,1704326399999
1704326400000,42864.73988988,44797.4006862,42659.6554414,44199.94942271,1704412799999
1704412800000,44198.47303944,44350.37220936,42704.42448779,44182.75175663,1704499199999
1704499200000,44183.12885095,44251.27489458,43440.32008946,44000.54633295,1704585599999
1704585600000,43994.69981148,44498.38997856,43634.69943226,43951.50925723,1704671999999
1704672000000,43954.17567273,47288.55932044,43224.8348158,46985.99677838,1704758399999
1704758400000,46986.00749041,47929.28600478,45005.73347759,46121.36116172,1704844799999
1704844800000,46120.67932785,47688.05549629,44362.07569295,46658.9950377,1704931199999
1704931200000,46661.0227469,48971.42953478,45620.33037574,46346.17842836,1705017599999
1705017600000,46346.75343411,46510.43389086,41552.96091121,42784.08542829,1705103999999
1705104000000,42786.7487831,43242.51694099,42442.61000314,42844.54242318,1705190399999
1705190400000,42844.4776936,43067.95017671,41706.40578167,41709.93010539,1705276799999
1705276800000,41709.40003675,43332.39499363,41693.00138672,42502.41230997,1705363199999
1705363200000,42499.22498931,43566.81221579,42076.86205424,43137.80146245,1705449599999
1705449600000,43137.42143079,43191.68030647,42183.74618164,42747.91865129,1705535999999
1705536000000,42748.27865129,42891.22767802,40633.6202346,41298.10958983,1705622399999
1705622400000,41302.8762158,42159.9665054,40289.58551594,41644.1279802,1705708799999
1705708800000,41644.59798083,41858.96681361,41440.73052253,41692.71793709,1705795199999
1705795200000,41692.7196036,41877.4417898,41502.0429022,41581.29240835,1705881599999
1705881600000,41581.41285518,41682.01449851,39422.87796621,39536.99451862,1705967999999
1705968000000,39537.48906257,40155.53293304,38528.06799518,39887.07987648,1706054399999
1706054400000,39885.8710169,40530.44669012,39487.69675507,40086.92808327,1706140799999
1706140800000,40086.92141677,40288.35428538,39532.82574492,39950.80842993,1706227199999
1706227200000,39950.1450966,42226.8233455,39823.95975444,41817.10947546,1706313599999
1706313600000,41817.65856532,42194.64759973,41398.04570994,42124.20374769,1706399999999
1706400000000,42124.21208149,42826.26787249,41626.80363576,42032.02254416,1706486399999
1706486400000,42032.02254416,43306.58728377,41813.28405121,43302.97983896,1706572799999
1706572800000,43303.22983896,43838.27127767,42693.95981258,42946.80444891,1706659199999
1706659200000,42946.51444041,43731.81067139,42287.60998044,42557.82327372,1706745599999
1706745600000,42557.76659177,43257.78308243,41862.32042403,43077.4044278,1706831999999
1706832000000,43077.13178998,43457.10122802,42536.57086695,43185.0497265,1706918399999
1706918400000,43185.02973355,43358.00878201,42871.29603795,43003.67764157,1707004799999
1707004800000,43004.12264122,43102.5799622,42283.60003822,42572.97097066,1707091199999
1707091200000,42572.76763733,43527.4655226,42247.21321843,42667.64540258,1707177599999
1707177600000,42667.89296393,43357.09782202,42532.86272422,43090.69409053,1707263999999
1707264000000,43090.41909089,44375.16583043,42768.2946597,44336.68054191,1707350399999
1707350400000,44336.91969405,45597.92223299,44324.95095283,45292.01090692,1707436799999
1707436800000,45292.86090774,48188.87948648,45249.8015308,47155.10086688,1707523199999
1707523200000,47155.10086688,48175.67233951,46893.29217095,47771.229244,1707609599999
1707609600000,47771.86015309,48583.2748982,47596.80004282,48317.82552729,1707695999999
1707696000000,48318.18931547,50314.07777238,47717.33879766,49941.26747344,1707782399999
1707782400000,49941.07720027,50371.61334282,48344.6170295,49735.10878357,1707868799999
1707868800000,49734.56294963,52049.06210896,49277.67960029,51830.60005468,1707955199999
1707955200000,51831.44539574,52822.21605302,51346.917092,51924.17236037,1708041599999
1708041600000,51923.5456937,52572.97044697,51612.55612667,52153.07926969,1708127999999
1708128000000,52153.07760302,52193.37204301,50641.3059342,51654.92156159,1708214399999
1708214400000,51655.06058993,52388.67555943,51190.8280589,52134.67782063,1708300799999
1708300800000,52134.78731595,52487.75638778,51694.67888076,51772.44515338,1708387199999
1708387200000,51772.52776162,52954.94602163,50766.21673857,52252.32011761,1708473599999
1708473600000,52252.13755401,52356.22251372,50651.39676433,51850.1348753,1708559999999
1708560000000,51850.1348753,52036.83570415,50915.15180543,51262.62244935,1708646399999
1708646400000,51262.04780399,51518.29197773,50539.9698654,50739.8307987,1708732799999
1708732800000,50739.84828894,51692.38340342,50586.73528237,51579.64149496,1708819199999
1708819200000,51580.1278584,51955.01635539,51291.51248162,51724.11682764,1708905599999
1708905600000,51724.39675608,54915.65682844,50912.80677101,54498.68677185,1708991999999
1708992000000,54498.34132112,57572.16441907,54470.29449787,57051.32099798,1709078399999
1709078400000,57051.51292328,64007.83716547,56714.98495496,62476.94225696,1709164799999
1709164800000,62478.00470721,63656.18682906,60380.33902216,61177.20655836,1709251199999
1709251200000,61174.90114141,63121.12191688,60795.85902222,62412.23099892,1709337599999
1709337600000,62413.11761064,62459.68109462,61616.20860271,62025.82324779,1709423999999
1709424000000,62025.81491029,63248.21014197,61393.1343792,63136.31216083,1709510399999
1709510400000,63138.2237661,68519.91778608,62529.56778507,68293.76465984,1709596799999
1709596800000,68297.16329751,69112.5164096,59619.49878029,63797.87646142,1709683199999
1709683200000,63796.68667767,67651.09840772,62845.58827473,66103.25348805,1709769599999
1709769600000,66103.45289583,68031.33440003,65634.45074772,66893.05568357,1709855999999
1709856000000,66893.42113987,70024.85095824,66172.54407989,68222.12798747,1709942399999
1709942400000,68222.7762028,68625.76298051,67978.82910121,68409.08777016,1710028799999
1710028800000,68409.00193575,69965.87612998,68195.84209243,69006.78066991,1710115199999
1710115200000,69007.10612446,72829.27467634,67314.42011209,72073.74785518,1710201599999
1710201600000,72073.38529603,72918.75152593,68661.55479648,71436.77565799,1710287999999
1710288000000,71435.49242816,73637.1605795,71316.21688566,73094.43322367,1710374399999
1710374400000,73094.52673676,73768.46905223,68559.51585856,71367.02593953,1710460799999
1710460800000,71367.67160285,72368.87173422,65603.25441544,69486.3687426,1710547199999
1710547200000,69490.51982804,70043.71477416,64854.22721033,65268.99924368,1710633599999
1710633600000,65268.82120943,68872.13101316,64544.76357118,68367.85653125,1710719999999
1710720000000,68366.76318946,68917.99336143,66578.85310626,67601.3285417,1710806399999
1710806400000,67601.57520836,68108.46411196,61545.49658569,61938.06459478,1710892799999
1710892800000,61937.90277238,68126.04204644,60805.1929468,67871.34404965,1710979199999
1710979200000,67868.92753346,68217.77101672,64564.68873073,65506.91322887,1711065599999
1711065600000,65506.59274153,66658.39052715,62341.41680614,63796.66227709,1711151999999
1711152000000,63797.18186734,65992.83570305,63038.53469507,64005.09902934,1711238399999
1711238400000,64005.94583123,67631.7610429,63812.07370088,67220.60637697,1711324799999
1711324800000,67223.23568388,71145.32232152,66402.16562731,69882.73682595,1711411199999
1711411200000,69872.81318049,71546.7574611,69322.54145764,69989.77822097,1711497599999
1711497600000,69990.13070423,71716.76541555,68387.62128818,69442.46733431,1711583999999
1711584000000,69441.82553173,71561.25300088,68873.39585758,70790.72538195,1711670399999
1711670400000,70791.0354026,70920.87406108,69048.66947191,69887.00719844,1711756799999
1711756800000,69886.98885781,70345.94614273,69580.97144435,69626.30945046,1711843199999
1711843200000,69626.30445046,71397.73231483,69602.68934705,71318.60438803,1711929599999
1711929600000,71316.11470578,71319.79370767,68100.63495387,69684.7556923,1712015999999
1712016000000,69684.34211783,69703.23053327,64593.14218845,65471.40979731,1712102399999
1712102400000,65477.95393484,66921.2813581,64532.00148189,65978.00298814,1712188799999
1712188800000,65979.49767967,69320.70647192,65078.22910674,68516.96368885,1712275199999
1712275200000,68517.23523941,68751.55545814,65992.22887796,67847.9392606,1712361599999
1712361600000,67847.60759339,69682.09347929,67486.96974435,68909.68265961,1712447999999
1712448000000,68911.8173269,70296.71137044,68851.04078956,69351.03948842,1712534399999
1712534400000,69349.77344387,72756.27150016,69059.30117621,71632.95024132,1712620799999
1712620800000,71634.07217569,71759.04924454,68225.25390515,69130.50073482,1712707199999
1712707200000,69129.92434526,71176.65696944,67504.3584166,70646.92470868,1712793599999
1712793600000,70647.89596896,71292.86907578,69572.00909501,70035.49619759,1712879999999
1712880000000,70034.93933714,71256.7475871,65396.14548523,67134.38391776,1712966399999
1712966400000,67130.88845804,67927.15535909,60985.70999845,64001.07198733,1713052799999
1713052800000,64008.82234703,65874.04463372,62187.29463736,65748.02202615,1713139199999
1713139200000,65747.94361632,66906.03868538,62333.37156405,63451.56221851,1713225599999
1713225600000,63451.68893214,64371.98862393,61682.8092115,63832.07649886,1713311999999
1713312000000,63831.20983219,64509.92656745,59719.9948918,61294.84599833,1713398399999
1713398400000,61295.61811458,64156.06250538,60842.06901925,63507.83289524,1713484799999
1713484800000,63508.02211041,65487.14565913,59630.03136732,63851.263406,1713571199999
1713571200000,63851.33787495,65448.88328813,63142.45307805,64982.34689479,1713657599999
1713657600000,64982.02022812,65731.44011978,64269.14020452,64962.93244584,1713743999999
1713744000000,64962.9316122,67265.92858958,64538.72500824,66860.35359011,1713830399999
1713830400000,66859.75719399,67221.58513672,65845.76810279,66432.27419532,1713916799999
1713916800000,66431.65624432,67091.8184848,63580.70830098,64264.2492679,1714003199999
1714003200000,64264.66752993,65295.20806059,62788.11424625,64504.38109997,1714089599999
1714089600000,64504.28276676,64802.69054582,63323.75212823,63760.52583225,1714175999999
1714176000000,63761.07994699,63929.36153053,62434.95348224,63430.82275014,1714262399999
1714262400000,63430.83536171,64355.63607481,62804.58404535,63128.1846793,1714348799999
1714348800000,63127.89260806,64214.25234063,61805.42363408,63864.19753366,1714435199999
1714435200000,63868.24306181,64733.29363989,59155.6644333,60667.67561137,1714521599999
1714521600000,60666.8854045,60825.076454,56559.15903331,58308.3956071,1714607999999
1714608000000,58308.7878402,59634.60305516,56962.03215147,59100.86526267,1714694399999
1714694400000,59101.32083806,63374.64394826,58847.76094776,62915.2949406,1714780799999
1714780800000,62915.28330304,64558.76154767,62606.61713114,63923.26092147,1714867199999
1714867200000,63922.36909986,64663.63200064,62929.63993015,64062.77687227,1714953599999
1714953600000,64062.77854023,65521.53589054,62734.22173456,63196.04743618,1715039999999
1715040000000,63197.84985935,64423.9226076,62296.05448187,62344.72539191,1715126399999
1715126400000,62345.18467982,63040.584277,60887.857626,61208.81445689,1715212799999
1715212800000,61206.19809803,63438.00031934,60650.01990474,63099.30901676,1715299199999
1715299200000,63099.30850516,63492.63886317,60215.75317549,60798.6388498,1715385599999
1715385600000,60797.82482158,61505.99618342,60497.1161157,60840.5201586,1715471999999
1715472000000,60840.5201586,61875.58016365,60633.05002236,61463.93263918,1715558399999
1715558400000,61464.17172123,63464.22857672,60780.68371554,62948.5434238,1715644799999
1715644800000,62948.38602757,63116.54148308,61129.0420049,61571.87456074,1715731199999
1715731200000,61570.87122741,66476.3839154,61339.66629666,66252.6016566,1715817599999
1715817600000,66252.56827451,66737.84527677,64632.08325523,65264.90880297,1715903999999
1715904000000,65265.92713631,67485.6238432,65139.18336866,67074.97688525,1715990399999
1715990400000,67074.45982075,67411.6097639,66647.42300215,66924.87130569,1716076799999
1716076800000,66924.87221496,67712.42797685,65901.61046905,66283.81184341,1716163199999
1716163200000,66283.8101764,71530.70579415,66089.80784812,71436.74356721,1716249599999
1716249600000,71439.21050796,71966.36333841,69161.78471423,70138.23972101,1716335999999
1716336000000,70138.421387,70645.9555903,68945.08930821,69140.48706448,1716422399999
1716422400000,69140.48539834,70053.91127905,66342.94482138,67967.78128733,1716508799999
1716508800000,67966.21815302,69262.22266803,66627.43303611,68557.69451878,1716595199999
1716595200000,68557.71733732,69597.10461372,68510.80027261,69299.99353385,1716681599999
1716681600000,69300.15686671,69525.43168628,68203.90972327,68495.98636902,1716767999999
1716768000000,68496.18233687,70625.55349493,68234.77609914,69399.64616167,1716854399999
1716854400000,69398.91706223,69547.95232239,67240.82143507,68356.35469301,1716940799999
1716940800000,68356.45501552,68879.90939757,67126.4561903,67599.62027473,1717027199999
1717027200000,67599.47995257,69504.71755413,67126.9873311,68341.60136189,1717113599999
1717113600000,68342.01142696,69011.85018854,66638.16050372,67493.77959988,1717199999999
1717200000000,67494.62098725,67833.05519066,67383.86221176,67718.00614954,1717286399999
1717286400000,67718.00614954,68419.80956628,67282.63668457,67750.34963579,1717372799999
1717372800000,67750.37638448,70272.25813395,67586.73256243,68803.8230533,1717459199999
1717459200000,68803.83471827,71072.82021969,68558.81377732,70548.20399535,1717545599999
1717545600000,70548.48362534,71765.7674728,70386.34489197,71114.53352633,1717631999999
1717632000000,71114.24861378,71639.53316378,70123.05959468,70785.94748361,1717718399999
1717718400000,70785.82736375,71948.55467467,68494.50394659,69339.55604927,1717804799999
1717804800000,69339.50581606,69561.27434198,69164.01769371,69308.64491266,1717891199999
1717891200000,69308.84373406,69834.12020864,69136.07691494,69637.13663718,1717977599999
1717977600000,69637.13663718,70169.67771279,69176.69839194,69510.72430439,1718063999999
1718064000000,69509.60763837,69552.37862689,66065.50265728,67310.35940358,1718150399999
1718150400000,67310.62117915,70008.85059942,66897.55021911,68250.03643153,1718236799999
1718236800000,68250.22141363,68387.33253032,66263.26101602,66744.58424325,1718323199999
1718323200000,66744.78758954,67337.803339,65038.15382731,66014.03382106,1718409599999
1718409600000,66014.05583473,66425.50151459,65834.95096376,66191.35922753,1718495999999
1718496000000,66191.36195347,66928.27347973,66010.6106152,66642.14637723,1718582399999
1718582400000,66641.94856703,67269.49116095,65083.86766489,66492.02594739,1718668799999
1718668800000,66492.13991233,66575.97492542,64068.54583894,65171.40098675,1718755199999
1718755200000,65171.84265175,65734.57995418,64676.08553207,64972.70807335,1718841599999
1718841600000,64972.62082537,66488.93470735,64552.82130428,64850.60389119,1718927999999
1718928000000,64850.52387977,65058.84543605,63392.54647758,64142.67002063,1719014399999
1719014400000,64142.66835396,64522.76136363,63946.03932044,64263.06966037,1719100799999
1719100800000,64262.99485217,64519.72371217,63168.33533306,63196.36343702,1719187199999
1719187200000,63196.94676999,63355.38452776,58500.29603244,60279.32647736,1719273599999
1719273600000,60280.56821324,62382.54564545,60246.15195161,61810.39763171,1719359999999
1719360000000,61810.33456206,62482.82808988,60705.48348471,60845.73632068,1719446399999
1719446400000,60845.85719683,62357.71354317,60596.21428081,61657.95781062,1719532799999
1719532800000,61657.95614524,62186.69701393,59982.5544735,60334.37163061,1719619199999
1719619200000,60334.3699671,61160.97154302,60333.95496394,60928.57550666,1719705599999
1719705600000,60928.59895335,62978.02514925,60631.90945331,62686.49083833,1719791999999
1719792000000,62686.54769004,63820.73959289,62496.54674082,62866.03656565,1719878399999
1719878400000,62866.03656565,63243.79730739,61770.62929777,62079.68045653,1719964799999
1719964800000,62079.98396044,62230.77208471,59391.12741383,60177.87414493,1720051199999
1720051200000,60177.87581066,60459.33292028,56753.49709196,57056.13273427,1720137599999
1720137600000,57056.76626016,57533.66174809,53540.20776542,56661.93937498,1720223999999
1720224000000,56661.67646389,58494.50762338,56064.84360476,58261.71577147,1720310399999
1720310400000,58262.36163996,58464.9990157,55770.8531149,55895.16829774,1720396799999
1720396800000,55894.77168027,58230.59529092,54343.38802935,56744.24727708,1720483199999
1720483200000,56744.24727708,58304.44783858,56329.4467194,58083.17549641,1720569599999
1720569600000,58083.37802193,59487.56203989,57204.8780423,57762.2361075,1720655999999
1720656000000,57762.10360887,59443.11522251,57108.906745,57367.54923587,1720742399999
1720742400000,57368.6361127,58564.84398885,56573.76401615,57936.31560019,1720828799999
1720828800000,57936.34896036,59900.47180622,57812.45784321,59260.85791911,1720915199999
1720915200000,59260.85791911,61445.15758328,59255.87757711,60842.78447069,1721001599999
1721001600000,60843.50592754,64955.16393105,60703.94358039,64791.43113203,1721087999999
1721088000000,64787.48149437,65414.18878505,62443.23042759,65095.37619715,1721174399999
1721174400000,65100.76615056,66150.92024945,63900.31880174,64111.52294786,1721260799999
1721260800000,64110.65212855,65127.85146169,63250.77060272,63980.91006025,1721347199999
1721347200000,63981.65512432,67446.33218323,63320.2403264,66715.60476949,1721433599999
1721433600000,66716.6797552,67628.60244569,66295.08964854,67176.88851139,1721519999999
1721520000000,67178.06198682,68390.05302136,65851.6420252,68192.70937234,1721606399999
1721606400000,68194.10603976,68501.25321079,66611.61491102,67591.33367917,1721692799999
1721692800000,67591.31726887,67805.54348792,65497.73518826,65977.18729007,1721779199999
1721779200000,65976.09715821,67146.18111121,65151.37394542,65381.1989948,1721865599999
1721865600000,65376.32982653,66165.46383528,63460.87049125,65809.3053723,1721951999999
1721952000000,65809.31953886,68235.84950322,65744.45058817,67949.78821434,1722038399999
1722038400000,67949.94477987,69443.53691462,66718.07970358,67928.82535417,1722124799999
1722124800000,67930.43280626,68341.2008238,67099.81445635,68259.30953377,1722211199999
1722211200000,68259.14954661,70048.51895509,66492.73531632,66787.17012526,1722297599999
1722297600000,66787.14762512,67020.02540184,65347.92319882,66187.73888493,1722383999999
1722384000000,66187.47814936,66846.67535046,64532.99861982,64641.30136586,1722470399999
1722470400000,64640.35125726,65619.84080387,62284.39596028,65333.96279179,1722556799999
1722556800000,65332.7811268,65572.27729864,61197.13599668,61451.72099992,1722643199999
1722643200000,61451.36212309,62179.80677671,59864.31493669,60708.13991221,1722729599999
1722729600000,60708.03158,61108.15805705,57246.09214505,58156.96117602,1722815999999
1722816000000,58156.48289137,58297.72938369,49186.13578311,54043.41945959,1722902399999
1722902400000,54055.19998357,57087.78305474,54007.36522252,56081.87899814,1722988799999
1722988800000,56078.96358476,57756.36240859,54605.43368958,55153.64609635,1723075199999
1723075200000,55159.36452397,62723.41422651,54764.625601,61719.53574221,1723161599999
1723161600000,61721.19131215,61763.94746124,59586.91296654,60876.34398237,1723247999999
1723248000000,60878.21834366,61506.03426165,60283.00660205,60956.89122966,1723334399999
1723334400000,60956.89122966,61813.6278909,58352.31102443,58730.05868888,1723420799999
1723420800000,58728.87447583,60713.91450487,57694.08575157,59379.00536497,1723507199999
1723507200000,59380.15600897,61597.83009255,58472.96929669,60620.99283666,1723593599999
1723593600000,60620.71202217,61749.92750927,58477.39644078,58715.32100886,1723679999999
1723680000000,58712.95968564,59872.22294637,56158.75767871,57567.78666219,1723766399999
1723766400000,57566.31603676,59862.84543207,57122.32007247,58898.14154828,1723852799999
1723852800000,58898.524903,59730.28971631,58848.98982362,59507.3289157,1723939199999
1723939200000,59507.4022668,60300.56410886,58453.84856324,58462.61276213,1724025599999
1724025600000,58462.61026068,59647.24465069,57861.71016968,59487.9894221,1724111999999
1724112000000,59487.90097982,61430.44803761,58641.80847614,59055.61023242,1724198399999
1724198400000,59054.06667076,61856.01420098,58846.62052848,61187.58159377,1724284799999
1724284800000,61187.53323241,61427.56158365,59799.2529089,60406.0167432,1724371199999
1724371200000,60406.59618063,64985.19247565,60375.26458086,64102.76733518,1724457599999
1724457600000,64102.65713906,64523.6657905,63610.32368544,64195.84113254,1724543999999
1724544000000,64195.68019668,65025.18269423,63839.86769268,64275.79155728,1724630399999
1724630400000,64275.02431562,64524.94123998,62853.42248052,62874.22813126,1724716799999
1724716800000,62873.43876137,63240.12490196,58091.53599359,59452.22395579,1724803199999
1724803200000,59454.78173762,60243.34469121,57915.32429409,59058.17710413,1724889599999
1724889600000,59067.26588359,61213.5577217,58780.31367211,59404.63974917,1724975999999
1724976000000,59403.32877571,59908.1677745,57803.0609882,59157.75989329,1725062399999
1725062400000,59158.57534357,59485.86487264,58786.8599699,59009.89408915,1725148799999
1725148800000,59009.14865705,59109.21618255,57241.19329494,57339.91768607,1725235199999
1725235200000,57336.27631902,59460.55515749,57164.24578955,59174.36721192,1725321599999
1725321600000,59175.11332064,59851.81838637,57457.09546536,57523.22232681,1725407999999
1725408000000,57520.79610947,58545.88048175,55689.95669129,58000.70413643,1725494399999
1725494400000,58000.77401755,58354.74211607,55687.07619565,56195.25783757,1725580799999
1725580800000,56193.46596943,57009.69413169,52599.42584009,53989.93159513,1725667199999
1725667200000,53990.0666588,54879.45257166,53778.31273029,54186.9941973,1725753599999
1725753600000,54186.08287653,55342.23349374,53659.47849465,54907.91667716,1725839999999
1725840000000,54908.05712416,58046.50357825,54620.62741916,57067.77295817,1725926399999
1725926400000,57069.06674851,58067.02428065,56423.10858576,57647.99820194,1726012799999
1726012800000,57648.47626854,58017.16956428,55597.07255289,57355.80255124,1726099199999
1726099200000,57353.14990427,58573.57683865,57343.06854079,58170.14222746,1726185599999
1726185600000,58170.04556184,60679.00065838,57666.99064898,60556.77680473,1726271999999
1726272000000,60556.79348648,60667.58383602,59513.32159753,60039.34115152,1726358399999
1726358400000,60039.69725022,60419.43715046,58738.75152445,59141.25662651,1726444799999
1726444800000,59141.2557932,59243.96601444,57532.79786212,58217.32095376,1726531199999
1726531200000,58217.32095376,61343.87241243,57654.37105143,60326.69767874,1726617599999
1726617600000,60327.03188105,61808.40230778,59200.06068599,61782.97096618,1726703999999
1726704000000,61785.49480907,63893.39525384,61610.34031252,62979.65244579,1726790399999
1726790400000,62979.1307966,64147.54937821,62368.39355417,63214.19991359,1726876799999
1726876800000,63214.0107471,63554.46900231,62774.22991196,63374.03477594,1726963199999
1726963200000,63374.0133067,64025.36547114,62415.43629194,63597.14630811,1727049599999
1727049600000,63598.38490211,64758.93446949,62610.22808757,63367.28769077,1727135999999
1727136000000,63367.01667345,64713.63288317,62755.94051979,64296.57971919,1727222399999
1727222400000,64296.65475255,64836.81614443,62947.63496159,63169.67220134,1727308799999
1727308800000,63169.57800855,65830.15220348,62693.19840307,65211.53087236,1727395199999
1727395200000,65211.47500231,66495.73405464,64867.86581659,65817.17474133,1727481599999
1727481600000,65817.45307575,66288.43889539,65475.91001689,65877.39444499,1727567999999
1727568000000,65876.35044961,66107.80081255,65474.35230986,65622.22188244,1727654399999
1727654400000,65622.22188244,65657.73697215,62886.28847279,63343.98538024,1727740799999
1727740800000,63343.90704844,64142.09981232,60193.81312506,60843.1284737,1727827199999
1727827200000,60836.23912921,62383.58665313,60018.43906761,60670.56029633,1727913599999
1727913600000,60669.96442754,61501.24674409,59891.79700556,60779.12078557,1727999999999
1728000000000,60779.78440485,62505.45678307,60493.94558231,62114.50538758,1728086399999
1728086400000,62115.69206711,62387.15169558,61706.63667372,62063.33065047,1728172799999
1728172800000,62063.32981716,62980.88358299,61814.74232724,62819.92913701,1728259199999
1728259200000,62819.14155325,64465.72870454,62137.79992001,62222.15386968,1728345599999
1728345600000,62222.46218452,63192.17695782,61861.21421636,62148.25678974,1728431999999
1728432000000,62146.32540326,62526.3537515,60289.16933492,60600.50367511,1728518399999
1728518400000,60599.82906177,61273.27669293,58897.25773398,60288.3526346,1728604799999
1728604800000,60288.32942509,63417.82801246,60036.6205028,62527.8042249,1728691199999
1728691200000,62528.26837184,63491.86818716,62475.86927705,63224.30057712,1728777599999
1728777600000,63224.22222126,63302.61549617,62068.25117168,62879.47020319,1728863999999
1728864000000,62879.34507766,66506.4052414,62446.13470648,66089.58740951,1728950399999
1728950400000,66089.88491397,67923.97589831,64810.7002331,67066.04532011,1729036799999
1729036800000,67066.04698646,68400.78080966,66770.06979064,67619.86766967,1729123199999
1729123200000,67619.78801407,67933.54321361,66661.7282508,67404.04796291,1729209599999
1729209600000,67403.60057264,68987.92826175,67170.0851018,68417.10925241,1729295999999
1729296000000,68417.40001796,68676.22413436,68014.1091353,68363.3902365,1729382399999
1729382400000,68363.85017891,69380.42615872,68094.62494342,69015.90865999,1729468799999
1729468800000,69018.38532666,69500.04435694,66836.15658601,67364.39135146,1729555199999
1729555200000,67364.43139451,67798.79381918,66580.0687817,67391.92452809,1729641599999
1729641600000,67391.04081014,67420.74806811,65190.45285498,66616.12930549,1729727999999
1729728000000,66616.11265463,68808.12332028,66465.87224577,68157.96604556,1729814399999
1729814400000,68157.96854397,68733.75176079,65549.33868364,66600.76413459,1729900799999
1729900800000,66600.71742475,67368.48013232,66368.0928005,67013.04698341,1729987199999
1729987200000,67013.04615118,68262.54194823,66863.16752777,67962.75078295,1730073599999
1730073600000,67960.9355645,70237.30367831,67558.47514513,69936.38773734,1730159999999
1730160000000,69936.47261396,73597.02879158,69735.24693387,72711.29206683,1730246399999
1730246400000,72711.29123385,72959.59750798,71436.05386731,72358.86764791,1730332799999
1730332800000,72358.86598102,72675.33829774,69614.37939258,70230.51739962,1730419199999
1730419200000,70230.51906629,71605.2415998,68795.24603397,69471.91252256,1730505599999
1730505600000,69472.00253337,69903.51706243,69010.97105563,69348.68519919,1730591999999
1730592000000,69347.7210086,69360.96570051,67472.72143321,68761.68226951,1730678399999
1730678400000,68762.76140279,69472.56666977,66799.84944219,67830.91309926,1730764799999
1730764800000,67830.17333724,70547.50768884,67457.60044087,69378.27697816,1730851199999
1730851200000,69379.6385377,76425.93626328,69315.89108418,75629.07944714,1730937599999
1730937600000,75629.33719642,76894.33657511,74467.21465165,75895.66477217,1731023999999
1731024000000,75896.32520997,77226.71927342,75633.76359222,76550.34635962,1731110399999
1731110400000,76549.89776694,76928.26847219,75740.65586507,76706.34359003,1731196799999
1731196800000,76705.34164247,81487.96228623,76529.39318421,80405.68543775,1731283199999
1731283200000,80405.00993583,89606.46972773,80266.54774482,88720.61564061,1731369599999
1731369600000,88720.26472348,89991.61999286,85128.93925346,88012.91540592,1731455999999
1731456000000,88012.89483243,93436.50299907,86223.89388651,90481.11330002,1731542399999
1731542400000,90480.45932958,91789.8057029,86687.2265156,87315.22817643,1731628799999
1731628800000,87328.28152863,91874.19404358,87109.38440464,91052.30676031,1731715199999
1731715200000,91052.53039222,91784.12471786,90082.73184781,90585.61436986,1731801599999
1731801600000,90598.68095318,91442.01433269,88729.74127713,89863.19800603,1731887999999
1731888000000,89866.45641394,92622.21271713,89409.31064615,90515.14754521,1731974399999
1731974400000,90516.031439,93978.63931245,90409.28882704,92376.42517283,1732060799999
1732060800000,92376.44970706,94869.59889316,91578.19885855,94335.96481825,1732147199999
1732147200000,94339.06171573,98987.19728813,94088.98462807,98402.89524767,1732233599999
1732233600000,98402.94891191,99638.67350251,97167.4758633,98933.56670976,1732319999999
1732320000000,98933.84268392,98943.97378293,97210.83487295,97706.88938364,1732406399999
1732406400000,97707.36664931,98593.17446907,95751.92150797,97961.68172089,1732492799999
1732492800000,97961.5934255,98909.63233001,92634.76597065,93010.99010925,1732579199999
1732579200000,93008.76897527,95016.91871259,90790.7530415,91955.97982964,1732665599999
1732665600000,91957.22533916,97332.80809997,91790.89955558,95946.1811126,1732751999999
1732752000000,95944.92592891,96654.77847405,94686.89379213,95679.54151479,1732838399999
1732838400000,95679.34148368,98718.41748465,95408.4626147,97515.33638817,1732924799999
1732924800000,97513.82899472,97514.91416944,96145.62686543,96473.73536312,1733011199999
1733011200000,96473.73536201,97904.52825547,95764.30607791,97275.24294789,1733097599999
1733097600000,97275.28972282,98202.7652625,94465.81267678,95879.34120357,1733183999999
1733184000000,95879.52688359,96333.28234848,93645.37025978,95941.24252543,1733270399999
1733270400000,95941.47564184,99181.83483023,94675.60428036,98743.41137145,1733356799999
1733356800000,98731.59432837,103931.35629677,91448.60233877,97008.48991547,1733443199999
1733443200000,97006.76001045,102034.57980206,96401.61944765,99861.03743511,1733529599999
1733529600000,99862.74748914,100547.30700071,99019.74094037,99925.73383484,1733615999999
1733616000000,99925.61289133,101417.72059794,98742.17350914,101186.31555421,1733702399999
1733702400000,101186.54497989,101282.29103699,94330.60330852,97396.40970773,1733788799999
1733788800000,97362.26118476,98308.38612403,94303.36569611,96655.11280576,1733875199999
1733875200000,96654.7894201,101941.537997,95732.34533489,101164.99169912,1733961599999
1733961600000,101169.42764737,102521.66240238,99303.7404055,100019.20019096,1734047999999
1734048000000,100019.08019081,101893.68685953,99229.35006537,101417.69553985,1734134399999
1734134400000,101418.61053985,102624.29171551,100597.19080363,101385.11178433,1734220799999
